"Freq [MHz]","dB(S(1,1)) []"
175,-0.55695292553647
175.1,-0.559621899694528
175.2,-0.562305989387106
175.3,-0.565005294753847
175.4,-0.567719916688875
175.5,-0.570449956847066
175.6,-0.573195517650385
175.7,-0.575956702294257
175.8,-0.578733614754031
175.9,-0.581526359791451
176,-0.584335042961235
176.1,-0.587159770617681
176.2,-0.590000649921343
176.3,-0.592857788845759
176.4,-0.595731296184257
176.5,-0.598621281556788
176.6,-0.601527855416863
176.7,-0.604451129058515
176.8,-0.607391214623336
176.9,-0.610348225107586
177,-0.613322274369358
177.1,-0.616313477135792
177.2,-0.619321949010383
177.3,-0.622347806480328
177.4,-0.62539116692395
177.5,-0.6284521486182
177.6,-0.631530870746185
177.7,-0.63462745340482
177.8,-0.637742017612505
177.9,-0.640874685316881
178,-0.644025579402663
178.1,-0.647194823699547
178.2,-0.650382542990164
178.3,-0.653588863018126
178.4,-0.65681391049615
178.5,-0.660057813114213
178.6,-0.663320699547839
178.7,-0.666602699466415
178.8,-0.669903943541605
178.9,-0.67322456345581
179,-0.67656469191075
179.1,-0.67992446263608
179.2,-0.683304010398105
179.3,-0.686703471008562
179.4,-0.690122981333497
179.5,-0.693562679302192
179.6,-0.697022703916207
179.7,-0.70050319525847
179.8,-0.70400429450248
179.9,-0.707526143921559
180,-0.711068886898215
180.1,-0.714632667933567
180.2,-0.718217632656873
180.3,-0.721823927835127
180.4,-0.725451701382758
180.5,-0.729101102371393
180.6,-0.732772281039727
180.7,-0.736465388803477
180.8,-0.740180578265421
180.9,-0.743918003225526
181,-0.747677818691171
181.1,-0.751460180887454
181.2,-0.755265247267601
181.3,-0.759093176523457
181.4,-0.762944128596092
181.5,-0.766818264686454
181.6,-0.770715747266185
181.7,-0.774636740088474
181.8,-0.778581408199039
181.9,-0.782549917947194
182,-0.786542436997028
182.1,-0.790559134338659
182.2,-0.79460018029962
182.3,-0.798665746556324
182.4,-0.80275600614563
182.5,-0.806871133476538
182.6,-0.811011304341953
182.7,-0.815176695930575
182.8,-0.819367486838903
182.9,-0.823583857083315
183,-0.827825988112284
183.1,-0.832094062818704
183.2,-0.836388265552289
183.3,-0.84070878213213
183.4,-0.845055799859338
183.5,-0.849429507529793
183.6,-0.853830095447035
183.7,-0.858257755435226
183.8,-0.862712680852288
183.9,-0.867195066603087
184,-0.871705109152795
184.1,-0.876243006540331
184.2,-0.88080895839195
184.3,-0.885403165934915
184.4,-0.890025832011351
184.5,-0.894677161092143
184.6,-0.899357359291033
184.7,-0.904066634378793
184.8,-0.908805195797537
184.9,-0.91357325467518
185,-0.918371023839978
185.1,-0.923198717835251
185.2,-0.928056552934203
185.3,-0.932944747154883
185.4,-0.937863520275274
185.5,-0.94281309384852
185.6,-0.947793691218289
185.7,-0.952805537534271
185.8,-0.957848859767796
185.9,-0.96292388672764
186,-0.968030849075888
186.1,-0.973169979344024
186.2,-0.978341511949115
186.3,-0.983545683210127
186.4,-0.988782731364439
186.5,-0.994052896584435
186.6,-0.999356420994301
186.7,-1.00469354868693
186.8,-1.01006452574099
186.9,-1.01546960023815
187,-1.02090902228046
187.1,-1.02638304400785
187.2,-1.03189191961582
187.3,-1.03743590537326
187.4,-1.04301525964048
187.5,-1.04863024288731
187.6,-1.05428111771142
187.7,-1.0599681488568
187.8,-1.06569160323236
187.9,-1.07145174993079
188,-1.07724886024741
188.1,-1.08308320769939
188.2,-1.08895506804498
188.3,-1.094864719303
188.4,-1.10081244177247
188.5,-1.10679851805236
188.6,-1.11282323306165
188.7,-1.11888687405939
188.8,-1.12498973066508
188.9,-1.13113209487916
189,-1.13731426110366
189.1,-1.14353652616311
189.2,-1.14979918932554
189.3,-1.1561025523237
189.4,-1.16244691937652
189.5,-1.16883259721064
189.6,-1.17525989508224
189.7,-1.18172912479898
189.8,-1.18824060074219
189.9,-1.19479463988922
190,-1.20139156183594
190.1,-1.20803168881958
190.2,-1.21471534574156
190.3,-1.22144286019072
190.4,-1.22821456246662
190.5,-1.23503078560305
190.6,-1.24189186539186
190.7,-1.24879814040681
190.8,-1.25574995202782
190.9,-1.26274764446527
191,-1.26979156478458
191.1,-1.27688206293103
191.2,-1.28401949175477
191.3,-1.29120420703595
191.4,-1.29843656751027
191.5,-1.30571693489454
191.6,-1.31304567391259
191.7,-1.32042315232138
191.8,-1.32784974093728
191.9,-1.33532581366265
192,-1.34285174751258
192.1,-1.35042792264193
192.2,-1.35805472237251
192.3,-1.36573253322061
192.4,-1.37346174492466
192.5,-1.38124275047317
192.6,-1.38907594613293
192.7,-1.39696173147743
192.8,-1.40490050941547
192.9,-1.41289268622015
193,-1.42093867155796
193.1,-1.42903887851819
193.2,-1.43719372364263
193.3,-1.44540362695542
193.4,-1.45366901199324
193.5,-1.46199030583574
193.6,-1.47036793913619
193.7,-1.47880234615243
193.8,-1.4872939647781
193.9,-1.49584323657406
194,-1.50445060680018
194.1,-1.5131165244473
194.2,-1.52184144226954
194.3,-1.53062581681684
194.4,-1.5394701084678
194.5,-1.54837478146279
194.6,-1.55734030393733
194.7,-1.56636714795579
194.8,-1.57545578954531
194.9,-1.58460670873009
195,-1.59382038956594
195.1,-1.60309732017505
195.2,-1.61243799278121
195.3,-1.62184290374518
195.4,-1.63131255360041
195.5,-1.64084744708916
195.6,-1.65044809319873
195.7,-1.66011500519821
195.8,-1.66984870067536
195.9,-1.67964970157396
196,-1.68951853423134
196.1,-1.69945572941634
196.2,-1.70946182236753
196.3,-1.71953735283176
196.4,-1.72968286510307
196.5,-1.73989890806191
196.6,-1.7501860352147
196.7,-1.7605448047337
196.8,-1.77097577949726
196.9,-1.78147952713044
197,-1.79205662004585
197.1,-1.802707635485
197.2,-1.8134331555599
197.3,-1.82423376729506
197.4,-1.83511006266977
197.5,-1.84606263866095
197.6,-1.85709209728606
197.7,-1.86819904564667
197.8,-1.87938409597222
197.9,-1.89064786566423
198,-1.9019909773409
198.1,-1.91341405888204
198.2,-1.92491774347444
198.3,-1.93650266965762
198.4,-1.94816948136997
198.5,-1.95991882799526
198.6,-1.97175136440965
198.7,-1.983667751029
198.8,-1.99566865385667
198.9,-2.00775474453163
199,-2.01992670037719
199.1,-2.03218520444994
199.2,-2.04453094558925
199.3,-2.05696461846718
199.4,-2.06948692363878
199.5,-2.08209856759294
199.6,-2.09480026280356
199.7,-2.10759272778128
199.8,-2.12047668712565
199.9,-2.13345287157766
200,-2.14652201807293
200.1,-2.1596848697952
200.2,-2.17294217623041
200.3,-2.18629469322123
200.4,-2.19974318302204
200.5,-2.21328841435452
200.6,-2.2269311624636
200.7,-2.24067220917407
200.8,-2.25451234294761
200.9,-2.2684523589403
201,-2.28249305906084
201.1,-2.29663525202912
201.2,-2.31087975343542
201.3,-2.32522738580015
201.4,-2.33967897863414
201.5,-2.35423536849951
201.6,-2.36889739907109
201.7,-2.38366592119841
201.8,-2.39854179296834
201.9,-2.41352587976825
202,-2.42861905434978
202.1,-2.44382219689331
202.2,-2.45913619507293
202.3,-2.47456194412211
202.4,-2.49010034689997
202.5,-2.50575231395826
202.6,-2.52151876360888
202.7,-2.53740062199222
202.8,-2.55339882314602
202.9,-2.56951430907497
203,-2.58574802982111
203.1,-2.60210094353471
203.2,-2.61857401654609
203.3,-2.63516822343805
203.4,-2.65188454711899
203.5,-2.66872397889694
203.6,-2.68568751855416
203.7,-2.70277617442266
203.8,-2.71999096346041
203.9,-2.73733291132839
204,-2.75480305246841
204.1,-2.77240243018183
204.2,-2.79013209670896
204.3,-2.80799311330949
204.4,-2.82598655034366
204.5,-2.84411348735428
204.6,-2.86237501314978
204.7,-2.88077222588802
204.8,-2.89930623316107
204.9,-2.91797815208091
205,-2.93678910936613
205.1,-2.95574024142953
205.2,-2.97483269446667
205.3,-2.99406762454556
205.4,-3.01344619769719
205.5,-3.03296959000718
205.6,-3.05263898770851
205.7,-3.07245558727519
205.8,-3.09242059551718
205.9,-3.11253522967622
206,-3.13280071752297
206.1,-3.15321829745515
206.2,-3.17378921859691
206.3,-3.19451474089935
206.4,-3.21539613524223
206.5,-3.23643468353694
206.6,-3.25763167883071
206.7,-3.27898842541198
206.8,-3.30050623891724
206.9,-3.32218644643896
207,-3.34403038663504
207.1,-3.36603940983952
207.2,-3.38821487817462
207.3,-3.4105581656643
207.4,-3.43307065834914
207.5,-3.45575375440273
207.6,-3.47860886424949
207.7,-3.50163741068398
207.8,-3.52484082899184
207.9,-3.54822056707208
208,-3.57177808556113
208.1,-3.59551485795845
208.2,-3.61943237075362
208.3,-3.64353212355535
208.4,-3.66781562922187
208.5,-3.69228441399332
208.6,-3.71694001762565
208.7,-3.74178399352639
208.8,-3.76681790889222
208.9,-3.79204334484829
209,-3.8174618965895
209.1,-3.84307517352352
209.2,-3.86888479941582
209.3,-3.89489241253664
209.4,-3.92109966580978
209.5,-3.94750822696361
209.6,-3.97411977868389
209.7,-4.00093601876872
209.8,-4.02795866028562
209.9,-4.05518943173065
210,-4.0826300771896
210.1,-4.1102823565015
210.2,-4.13814804542415
210.3,-4.16622893580196
210.4,-4.19452683573602
210.5,-4.22304356975632
210.6,-4.25178097899645
210.7,-4.28074092137036
210.8,-4.3099252717517
210.9,-4.33933592215532
211,-4.36897478192117
211.1,-4.3988437779007
211.2,-4.42894485464549
211.3,-4.45927997459846
211.4,-4.48985111828736
211.5,-4.52066028452078
211.6,-4.55170949058665
211.7,-4.58300077245302
211.8,-4.61453618497153
211.9,-4.64631780208314
212,-4.67834771702638
212.1,-4.71062804254809
212.2,-4.74316091111653
212.3,-4.77594847513696
212.4,-4.80899290716958
212.5,-4.84229640014985
212.6,-4.87586116761126
212.7,-4.90968944391024
212.8,-4.9437834844535
212.9,-4.97814556592759
213,-5.01277798653053
213.1,-5.04768306620568
213.2,-5.0828631468776
213.3,-5.11832059268994
213.4,-5.15405779024517
213.5,-5.19007714884612
213.6,-5.2263811007393
213.7,-5.26297210135963
213.8,-5.29985262957683
213.9,-5.33702518794301
214,-5.37449230294138
214.1,-5.4122565252361
214.2,-5.45032042992281
214.3,-5.48868661677987
214.4,-5.52735771051997
214.5,-5.56633636104185
214.6,-5.6056252436821
214.7,-5.64522705946636
214.8,-5.68514453536009
214.9,-5.72538042451822
215,-5.76593750653353
215.1,-5.80681858768331
215.2,-5.84802650117388
215.3,-5.88956410738266
215.4,-5.93143429409718
215.5,-5.97363997675043
215.6,-6.01618409865252
215.7,-6.05906963121722
215.8,-6.10229957418369
215.9,-6.14587695583195
216,-6.18980483319181
216.1,-6.23408629224445
216.2,-6.2787244481156
216.3,-6.32372244525958
216.4,-6.36908345763345
216.5,-6.41481068885975
216.6,-6.46090737237728
216.7,-6.50737677157837
216.8,-6.55422217993159
216.9,-6.60144692108853
217,-6.6490543489731
217.1,-6.69704784785213
217.2,-6.74543083238523
217.3,-6.79420674765243
217.4,-6.84337906915787
217.5,-6.8929513028071
217.6,-6.94292698485626
217.7,-6.99330968183088
217.8,-7.04410299041145
217.9,-7.0953105372838
218,-7.14693597895089
218.1,-7.19898300150369
218.2,-7.25145532034743
218.3,-7.30435667988026
218.4,-7.35769085312061
218.5,-7.4114616412793
218.6,-7.46567287327267
218.7,-7.52032840517194
218.8,-7.57543211958443
218.9,-7.63098792496178
219,-7.68699975482946
219.1,-7.74347156693257
219.2,-7.80040734229122
219.3,-7.85781108415963
219.4,-7.91568681688199
219.5,-7.97403858463739
219.6,-8.03287045006677
219.7,-8.09218649277292
219.8,-8.15199080768507
219.9,-8.21228750327851
220,-8.27308069963933
220.1,-8.33437452636332
220.2,-8.39617312027787
220.3,-8.45848062297444
220.4,-8.52130117813894
220.5,-8.58463892866583
220.6,-8.64849801354151
220.7,-8.71288256448108
220.8,-8.77779670230174
220.9,-8.84324453301519
221,-8.90923014361981
221.1,-8.97575759757241
221.2,-9.04283092991824
221.3,-9.11045414205578
221.4,-9.17863119611251
221.5,-9.24736600890514
221.6,-9.31666244545687
221.7,-9.38652431204216
221.8,-9.45695534872745
221.9,-9.52795922137508
222,-9.59953951307424
222.1,-9.67169971496178
222.2,-9.7444432163928
222.3,-9.81777329441826
222.4,-9.89169310252495
222.5,-9.96620565858946
222.6,-10.0413138319957
222.7,-10.1170203298624
222.8,-10.1933276823225
222.9,-10.2702382267961
223,-10.3477540911908
223.1,-10.4258771759639
223.2,-10.5046091349743
223.3,-10.583951355049
223.4,-10.6639049341857
223.5,-10.7444706583074
223.6,-10.8256489764814
223.7,-10.9074399745122
223.8,-10.9898433468093
223.9,-11.0728583664322
224,-11.1564838532052
224.1,-11.2407181397922
224.2,-11.3255590356206
224.3,-11.4110037885311
224.4,-11.4970490440371
224.5,-11.5836908020631
224.6,-11.6709243710366
224.7,-11.7587443192003
224.8,-11.8471444230115
224.9,-11.9361176124942
225,-12.0256559134076
225.1,-12.115750386098
225.2,-12.2063910609024
225.3,-12.2975668699734
225.4,-12.3892655754068
225.5,-12.4814736935548
225.6,-12.5741764154225
225.7,-12.6673575230589
225.8,-12.7609993018684
225.9,-12.8550824487921
226,-12.9495859763325
226.1,-13.044487112427
226.2,-13.1397611962093
226.3,-13.2353815697428
226.4,-13.3313194658579
226.5,-13.4275438922822
226.6,-13.5240215123189
226.7,-13.6207165224019
226.8,-13.7175905269415
226.9,-13.8146024109696
227,-13.9117082111979
227.1,-14.0088609862235
227.2,-14.106010686743
227.3,-14.2031040267806
227.4,-14.3000843570905
227.5,-14.3968915420593
227.6,-14.4934618416132
227.7,-14.5897277998236
227.8,-14.685618142099
227.9,-14.7810576830576
228,-14.8759672473771
228.1,-14.9702636061254
228.2,-15.0638594312769
228.3,-15.1566632713022
228.4,-15.2485795508949
228.5,-15.33950859804
228.6,-15.4293467017361
228.7,-15.517986203753
228.8,-15.6053156278099
228.9,-15.6912198495053
229,-15.7755803101938
229.1,-15.8582752777774
229.2,-15.9391801570568
229.3,-16.0181678518504
229.4,-16.0951091805352
229.5,-16.1698733459882
229.6,-16.242328460108
229.7,-16.3123421221702
229.8,-16.379782049238
229.9,-16.4445167557122
230,-16.5064162778866
230.1,-16.5653529381073
230.2,-16.6212021418405
230.3,-16.6738431996796
230.4,-16.7231601651082
230.5,-16.7690426777307
230.6,-16.8113868007317
230.7,-16.8500958405826
230.8,-16.8850811365167
230.9,-16.9162628070942
231,-16.9435704412884
231.1,-16.9669437219856
231.2,-16.9863329705921
231.3,-17.0016996025855
231.4,-17.0130164853109
231.5,-17.0202681910604
231.6,-17.0234511404512
231.7,-17.0225736332499
231.8,-17.0176557660318
231.9,-17.0087292383159
232,-16.9958370510199
232.1,-16.9790331031465
232.2,-16.9583816944906
232.3,-16.9339569437704
232.4,-16.9058421329112
232.5,-16.8741289891956
232.6,-16.8389169176425
232.7,-16.8003121962746
232.8,-16.7584271468998
232.9,-16.7133792936918
233,-16.6652905212401
233.1,-16.614286242897
233.2,-16.5604945892211
233.3,-16.5040456251558
233.4,-16.445070603336
233.5,-16.3837012596254
233.6,-16.3200691557026
233.7,-16.2543050722653
233.8,-16.1865384552362
233.9,-16.1168969162651
234,-16.0455057878357
234.1,-15.9724877324154
234.2,-15.8979624043483
234.3,-15.8220461625658
234.4,-15.7448518316953
234.5,-15.66648850876
234.6,-15.5870614123869
234.7,-15.5066717712548
234.8,-15.4254167484179
234.9,-15.3433893981127
235,-15.2606786516942
235.1,-15.1773693294317
235.2,-15.09354217502
235.3,-15.0092739098219
235.4,-14.9246373040336
235.5,-14.8397012621615
235.6,-14.7545309203982
235.7,-14.6691877536966
235.8,-14.5837296905407
235.9,-14.4982112336148
236,-14.4126835847662
236.1,-14.3271947728393
236.2,-14.2417897831313
236.3,-14.1565106873827
236.4,-14.0713967733647
236.5,-13.9864846732605
236.6,-13.9018084901642
236.7,-13.817399922132
236.8,-13.7332883833222
236.9,-13.6495011218504
237,-13.566063334065
237.1,-13.4829982750207
237.2,-13.4003273649864
237.3,-13.3180702918797
237.4,-13.2362451095646
237.5,-13.1548683319892
237.6,-13.0739550231739
237.7,-12.9935188830876
237.8,-12.9135723294737
237.9,-12.8341265757082
238,-12.755191704783
238.1,-12.6767767395266
238.2,-12.5988897091781
238.3,-12.52153771244
238.4,-12.4447269771398
238.5,-12.3684629166345
238.6,-12.2927501830911
238.7,-12.2175927177799
238.8,-12.1429937985141
238.9,-12.0689560843679
239,-11.9954816578054
239.1,-11.9225720643454
239.2,-11.850228349888
239.3,-11.778451095822
239.4,-11.7072404520303
239.5,-11.6365961679043
239.6,-11.5665176214759
239.7,-11.4970038467698
239.8,-11.4280535594745
239.9,-11.3596651810272
240,-11.2918368612021
240.1,-11.2245664992872
240.2,-11.1578517639322
240.3,-11.0916901117436
240.4,-11.0260788047012
240.5,-10.961014926465
240.6,-10.8964953976385
240.7,-10.8325169900505
240.8,-10.7690763401142
240.9,-10.7061699613189
241,-10.6437942559081
241.1,-10.5819455257904
241.2,-10.5206199827335
241.3,-10.4598137578825
241.4,-10.3995229106449
241.5,-10.3397434369812
241.6,-10.280471277138
241.7,-10.221702322857
241.8,-10.1634324240939
241.9,-10.1056573952766
242,-10.048373021131
242.1,-9.99157506210335
242.2,-9.93525925940166
242.3,-9.87942133968238
242.4,-9.82405701940311
242.5,-9.76916200886316
242.6,-9.7147320159512
242.7,-9.66076274961891
242.8,-9.60724992309723
242.9,-9.55418925687255
243,-9.5015764814373
243.1,-9.44940733982938
243.2,-9.39767758997455
243.3,-9.34638300684345
243.4,-9.29551938443576
243.5,-9.24508253760265
243.6,-9.19506830371735
243.7,-9.14547254420438
243.8,-9.09629114593597
243.9,-9.04752002250485
244,-8.99915511538101
244.1,-8.95119239496021
244.2,-8.90362786151162
244.3,-8.85645754603045
244.4,-8.809677511003
244.5,-8.76328385108882
244.6,-8.71727269372629
244.7,-8.67164019966638
244.8,-8.62638256343956
244.9,-8.58149601376038
245,-8.53697681387404
245.1,-8.49282126184862
245.2,-8.44902569081729
245.3,-8.40558646917334
245.4,-8.36250000072191
245.5,-8.31976272479095
245.6,-8.2773711163049
245.7,-8.2353216858232
245.8,-8.19361097954657
245.9,-8.15223557929325
246,-8.11119210244764
246.1,-8.07047720188294
246.2,-8.03008756586056
246.3,-7.99001991790709
246.4,-7.9502710166716
246.5,-7.91083765576414
246.6,-7.8717166635772
246.7,-7.83290490309152
246.8,-7.79439927166773
246.9,-7.75619670082467
247,-7.71829415600594
247.1,-7.68068863633557
247.2,-7.64337717436377
247.3,-7.6063568358039
247.4,-7.56962471926134
247.5,-7.53317795595518
247.6,-7.4970137094335
247.7,-7.46112917528302
247.8,-7.42552158083366
247.9,-7.39018818485861
248,-7.35512627727086
248.1,-7.32033317881617
248.2,-7.28580624076344
248.3,-7.2515428445928
248.4,-7.21754040168179
248.5,-7.18379635299019
248.6,-7.15030816874369
248.7,-7.11707334811703
248.8,-7.0840894189166
248.9,-7.05135393726304
249,-7.01886448727419
249.1,-6.98661868074835
249.2,-6.95461415684828
249.3,-6.92284858178637
249.4,-6.89131964851061
249.5,-6.86002507639229
249.6,-6.82896261091491
249.7,-6.79813002336499
249.8,-6.76752511052463
249.9,-6.73714569436601
250,-6.70698962174803
250.1,-6.67705476411519
250.2,-6.64733901719866
250.3,-6.61784030071992
250.4,-6.58855655809671
250.5,-6.55948575615167
250.6,-6.53062588482357
250.7,-6.5019749568812
250.8,-6.47353100764002
250.9,-6.44529209468166
251,-6.41725629757612
251.1,-6.38942171760697
251.2,-6.36178647749935
251.3,-6.33434872115098
251.4,-6.30710661336602
251.5,-6.28005833959191
251.6,-6.25320210565928
251.7,-6.22653613752466
251.8,-6.20005868101639
251.9,-6.17376800158333
252,-6.14766238404663
252.1,-6.12174013235451
252.2,-6.09599956934001
252.3,-6.07043903648167
252.4,-6.04505689366726
252.5,-6.01985151896025
252.6,-5.99482130836952
252.7,-5.96996467562174
252.8,-5.94528005193673
252.9,-5.9207658858058
253,-5.89642064277274
253.1,-5.87224280521786
253.2,-5.84823087214472
253.3,-5.8243833589697
253.4,-5.80069879731442
253.5,-5.77717573480066
253.6,-5.75381273484837
253.7,-5.730608376476
253.8,-5.70756125410371
253.9,-5.68466997735933
254,-5.66193317088656
254.1,-5.63934947415611
254.2,-5.61691754127929
254.3,-5.59463604082399
254.4,-5.5725036556334
254.5,-5.55051908264698
254.6,-5.52868103272399
254.7,-5.50698823046947
254.8,-5.48543941406238
254.9,-5.46403333508647
255,-5.44276875836306
255.1,-5.42164446178638
255.2,-5.40065923616113
255.3,-5.37981188504221
255.4,-5.35910122457668
255.5,-5.33852608334796
255.6,-5.31808530222205
255.7,-5.29777773419602
255.8,-5.27760224424846
255.9,-5.2575577091921
256,-5.23764301752836
256.1,-5.217857069304
256.2,-5.19819877596963
256.3,-5.17866706024038
256.4,-5.15926085595817
256.5,-5.13997910795632
256.6,-5.12082077192549
256.7,-5.10178481428195
256.8,-5.08287021203738
256.9,-5.06407595267056
257,-5.04540103400084
257.1,-5.02684446406323
257.2,-5.00840526098541
257.3,-4.99008245286623
257.4,-4.97187507765596
257.5,-4.95378218303827
257.6,-4.93580282631358
257.7,-4.91793607428433
257.8,-4.90018100314149
257.9,-4.88253669835293
258,-4.86500225455304
258.1,-4.847576775434
258.2,-4.83025937363856
258.3,-4.81304917065417
258.4,-4.79594529670859
258.5,-4.77894689066697
258.6,-4.76205309993022
258.7,-4.74526308033485
258.8,-4.72857599605413
258.9,-4.71199101950053
259,-4.69550733122956
259.1,-4.67912411984489
259.2,-4.66284058190465
259.3,-4.64665592182911
259.4,-4.63056935180952
259.5,-4.61458009171821
259.6,-4.5986873690199
259.7,-4.58289041868406
259.8,-4.5671884830987
259.9,-4.55158081198502
260,-4.53606666231336
260.1,-4.52064529822031
260.2,-4.5053159909267
260.3,-4.49007801865691
260.4,-4.4749306665591
260.5,-4.45987322662654
260.6,-4.44490499762
260.7,-4.43002528499107
260.8,-4.41523340080659
260.9,-4.400528663674
261,-4.38591039866773
261.1,-4.37137793725641
261.2,-4.35693061723126
261.3,-4.34256778263516
261.4,-4.32828878369281
261.5,-4.31409297674176
261.6,-4.29997972416426
261.7,-4.28594839432009
261.8,-4.2719983614802
261.9,-4.25812900576118
262,-4.24433971306068
262.1,-4.23062987499351
262.2,-4.21699888882867
262.3,-4.20344615742712
262.4,-4.18997108918039
262.5,-4.17657309794999
262.6,-4.16325160300747
262.7,-4.15000602897539
262.8,-4.13683580576892
262.9,-4.12374036853828
263,-4.11071915761186
263.1,-4.09777161843997
263.2,-4.08489720153947
263.3,-4.07209536243897
263.4,-4.05936556162475
263.5,-4.04670726448738
263.6,-4.03411994126896
263.7,-4.02160306701107
263.8,-4.00915612150331
263.9,-3.99677858923255
264,-3.98446995933275
264.1,-3.97222972553542
264.2,-3.96005738612069
264.3,-3.94795244386903
264.4,-3.93591440601345
264.5,-3.92394278419243
264.6,-3.91203709440332
264.7,-3.90019685695637
264.8,-3.88842159642928
264.9,-3.87671084162235
265,-3.86506412551413
265.1,-3.85348098521765
265.2,-3.84196096193715
265.3,-3.83050360092537
265.4,-3.81910845144131
265.5,-3.80777506670855
265.6,-3.79650300387402
265.7,-3.78529182396735
265.8,-3.77414109186057
265.9,-3.76305037622844
266,-3.75201924950919
266.1,-3.7410472878657
266.2,-3.7301340711472
266.3,-3.71927918285137
266.4,-3.70848221008698
266.5,-3.69774274353686
266.6,-3.68706037742139
266.7,-3.67643470946238
266.8,-3.66586534084742
266.9,-3.65535187619461
267,-3.6448939235177
267.1,-3.63449109419169
267.2,-3.62414300291877
267.3,-3.61384926769474
267.4,-3.60360950977571
267.5,-3.59342335364531
267.6,-3.58329042698217
267.7,-3.57321036062792
267.8,-3.56318278855534
267.9,-3.55320734783716
268,-3.54328367861496
268.1,-3.53341142406862
268.2,-3.52359023038602
268.3,-3.51381974673308
268.4,-3.50409962522425
268.5,-3.49442952089322
268.6,-3.48480909166402
268.7,-3.47523799832249
268.8,-3.46571590448795
268.9,-3.45624247658536
269,-3.44681738381763
269.1,-3.43744029813844
269.2,-3.42811089422512
269.3,-3.41882884945207
269.4,-3.40959384386433
269.5,-3.40040556015154
269.6,-3.39126368362213
269.7,-3.38216790217784
269.8,-3.37311790628849
269.9,-3.36411338896708
270,-3.35515404574515
270.1,-3.34623957464838
270.2,-3.33736967617249
270.3,-3.32854405325948
270.4,-3.31976241127396
270.5,-3.31102445797994
270.6,-3.30232990351773
270.7,-3.2936784603812
270.8,-3.28506984339518
270.9,-3.27650376969325
271,-3.26797995869563
271.1,-3.25949813208743
271.2,-3.25105801379707
271.3,-3.24265932997497
271.4,-3.23430180897242
271.5,-3.22598518132081
271.6,-3.2177091797109
271.7,-3.20947353897251
271.8,-3.20127799605425
271.9,-3.19312229000363
272,-3.18500616194727
272.1,-3.17692935507138
272.2,-3.16889161460246
272.3,-3.16089268778817
272.4,-3.1529323238784
272.5,-3.14501027410663
272.6,-3.13712629167141
272.7,-3.129280131718
272.8,-3.12147155132035
272.9,-3.11370030946314
273,-3.10596616702407
273.1,-3.09826888675636
273.2,-3.09060823327135
273.3,-3.0829839730214
273.4,-3.07539587428288
273.5,-3.06784370713939
273.6,-3.06032724346516
273.7,-3.05284625690852
273.8,-3.0454005228758
273.9,-3.03798981851506
274,-3.03061392270028
274.1,-3.02327261601555
274.2,-3.01596568073952
274.3,-3.00869290082989
274.4,-3.00145406190826
274.5,-2.99424895124492
274.6,-2.98707735774398
274.7,-2.9799390719285
274.8,-2.97283388592593
274.9,-2.96576159345355
275,-2.95872198980421
275.1,-2.95171487183209
275.2,-2.94474003793866
275.3,-2.93779728805882
275.4,-2.93088642364712
275.5,-2.92400724766419
275.6,-2.9171595645632
275.7,-2.9103431802766
275.8,-2.90355790220292
275.9,-2.89680353919366
276,-2.8900799015404
276.1,-2.88338680096206
276.2,-2.87672405059213
276.3,-2.87009146496624
276.4,-2.86348886000969
276.5,-2.85691605302522
276.6,-2.85037286268082
276.7,-2.84385910899772
276.8,-2.8373746133385
276.9,-2.83091919839527
277,-2.82449268817799
277.1,-2.81809490800301
277.2,-2.81172568448152
277.3,-2.80538484550833
277.4,-2.79907222025058
277.5,-2.79278763913674
277.6,-2.78653093384553
277.7,-2.78030193729515
277.8,-2.77410048363245
277.9,-2.76792640822231
278,-2.76177954763706
278.1,-2.75565973964606
278.2,-2.74956682320538
278.3,-2.74350063844754
278.4,-2.73746102667134
278.5,-2.73144783033192
278.6,-2.72546089303074
278.7,-2.71950005950579
278.8,-2.71356517562182
278.9,-2.70765608836072
279,-2.70177264581196
279.1,-2.69591469716316
279.2,-2.69008209269069
279.3,-2.68427468375043
279.4,-2.67849232276858
279.5,-2.67273486323256
279.6,-2.66700215968205
279.7,-2.66129406770001
279.8,-2.65561044390394
279.9,-2.64995114593705
280,-2.6443160324597
280.1,-2.63870496314075
280.2,-2.6331177986491
280.3,-2.6275544006453
280.4,-2.62201463177321
280.5,-2.61649835565175
280.6,-2.61100543686679
280.7,-2.60553574096297
280.8,-2.60008913443577
280.9,-2.59466548472354
281,-2.58926466019967
281.1,-2.58388653016481
281.2,-2.57853096483913
281.3,-2.57319783535474
281.4,-2.56788701374809
281.5,-2.56259837295251
281.6,-2.55733178679078
281.7,-2.5520871299678
281.8,-2.54686427806331
281.9,-2.54166310752466
282,-2.53648349565974
282.1,-2.53132532062982
282.2,-2.52618846144263
282.3,-2.52107279794537
282.4,-2.51597821081785
282.5,-2.51090458156573
282.6,-2.5058517925137
282.7,-2.50081972679885
282.8,-2.49580826836407
282.9,-2.49081730195143
283,-2.48584671309577
283.1,-2.48089638811819
283.2,-2.47596621411974
283.3,-2.47105607897508
283.4,-2.46616587132623
283.5,-2.46129548057635
283.6,-2.45644479688366
283.7,-2.45161371115532
283.8,-2.4468021150414
283.9,-2.44200990092893
284,-2.43723696193598
284.1,-2.4324831919058
284.2,-2.42774848540103
284.3,-2.42303273769793
284.4,-2.41833584478068
284.5,-2.41365770333575
284.6,-2.40899821074631
284.7,-2.40435726508666
284.8,-2.39973476511678
284.9,-2.39513061027684
285,-2.39054470068186
285.1,-2.38597693711631
285.2,-2.38142722102887
285.3,-2.37689545452716
285.4,-2.37238154037255
285.5,-2.367885381975
285.6,-2.36340688338796
285.7,-2.3589459493033
285.8,-2.35450248504635
285.9,-2.35007639657087
286,-2.34566759045416
286.1,-2.34127597389219
286.2,-2.33690145469475
286.3,-2.33254394128066
286.4,-2.32820334267305
286.5,-2.32387956849461
286.6,-2.319572528963
286.7,-2.31528213488614
286.8,-2.31100829765772
286.9,-2.30675092925259
287,-2.30250994222232
287.1,-2.29828524969071
287.2,-2.29407676534937
287.3,-2.28988440345339
287.4,-2.28570807881692
287.5,-2.28154770680896
287.6,-2.27740320334902
287.7,-2.27327448490297
287.8,-2.26916146847877
287.9,-2.26506407162241
288,-2.26098221241372
288.1,-2.25691580946232
288.2,-2.25286478190362
288.3,-2.24882904939477
288.4,-2.24480853211067
288.5,-2.24080315074008
288.6,-2.23681282648173
288.7,-2.2328374810404
288.8,-2.22887703662312
288.9,-2.22493141593537
289,-2.22100054217732
289.1,-2.21708433904007
289.2,-2.21318273070197
289.3,-2.20929564182497
289.4,-2.20542299755094
289.5,-2.20156472349811
289.6,-2.19772074575745
289.7,-2.19389099088917
289.8,-2.19007538591918
289.9,-2.18627385833564
290,-2.18248633608547
290.1,-2.17871274757094
290.2,-2.17495302164631
290.3,-2.17120708761441
290.4,-2.16747487522337
290.5,-2.16375631466326
290.6,-2.16005133656285
290.7,-2.15635987198633
290.8,-2.15268185243012
290.9,-2.14901720981966
291,-2.14536587650623
291.1,-2.14172778526386
291.2,-2.13810286928615
291.3,-2.13449106218324
291.4,-2.13089229797872
291.5,-2.12730651110661
291.6,-2.12373363640834
291.7,-2.12017360912977
291.8,-2.11662636491827
291.9,-2.11309183981971
292,-2.10956997027563
292.1,-2.10606069312031
292.2,-2.10256394557794
292.3,-2.09907966525975
292.4,-2.09560779016125
292.5,-2.0921482586594
292.6,-2.08870100950985
292.7,-2.08526598184424
292.8,-2.08184311516742
292.9,-2.07843234935481
293,-2.07503362464969
293.1,-2.0716468816606
293.2,-2.06827206135864
293.3,-2.06490910507493
293.4,-2.06155795449797
293.5,-2.05821855167114
293.6,-2.0548908389901
293.7,-2.05157475920031
293.8,-2.0482702553945
293.9,-2.04497727101023
294,-2.04169574982737
294.1,-2.03842563596573
294.2,-2.0351668738826
294.3,-2.03191940837039
294.4,-2.02868318455418
294.5,-2.02545814788944
294.6,-2.02224424415966
294.7,-2.01904141947401
294.8,-2.01584962026508
294.9,-2.01266879328654
295,-2.00949888561095
295.1,-2.00633984462747
295.2,-2.00319161803961
295.3,-2.00005415386308
295.4,-1.99692740042358
295.5,-1.99381130635459
295.6,-1.99070582059527
295.7,-1.98761089238828
295.8,-1.98452647127768
295.9,-1.98145250710682
296,-1.97838895001628
296.1,-1.97533575044174
296.2,-1.97229285911201
296.3,-1.9692602270469
296.4,-1.96623780555531
296.5,-1.96322554623312
296.6,-1.96022340096127
296.7,-1.95723132190378
296.8,-1.95424926150575
296.9,-1.95127717249151
297,-1.94831500786259
297.1,-1.94536272089588
297.2,-1.94242026514175
297.3,-1.93948759442209
297.4,-1.93656466282853
297.5,-1.93365142472056
297.6,-1.9307478347237
297.7,-1.92785384772764
297.8,-1.92496941888452
297.9,-1.92209450360707
298,-1.91922905756687
298.1,-1.91637303669254
298.2,-1.91352639716808
298.3,-1.91068909543104
298.4,-1.90786108817085
298.5,-1.90504233232711
298.6,-1.90223278508791
298.7,-1.89943240388809
298.8,-1.89664114640765
298.9,-1.89385897057005
299,-1.89108583454056
299.1,-1.88832169672468
299.2,-1.88556651576647
299.3,-1.88282025054701
299.4,-1.88008286018273
299.5,-1.8773543040239
299.6,-1.87463454165303
299.7,-1.87192353288335
299.8,-1.8692212377572
299.9,-1.8665276165446
300,-1.86384262974164
300.1,-1.86116623806903
300.2,-1.85849840247058
300.3,-1.85583908411175
300.4,-1.85318824437812
300.5,-1.850545844874
300.6,-1.84791184742093
300.7,-1.84528621405627
300.8,-1.84266890703177
300.9,-1.84005988881215
301,-1.83745912207368
301.1,-1.83486656970283
301.2,-1.83228219479483
301.3,-1.82970596065236
301.4,-1.82713783078413
301.5,-1.82457776890359
301.6,-1.82202573892752
301.7,-1.81948170497475
301.8,-1.81694563136483
301.9,-1.8144174826167
302,-1.81189722344742
302.1,-1.80938481877085
302.2,-1.80688023369638
302.3,-1.80438343352769
302.4,-1.8018943837614
302.5,-1.79941305008595
302.6,-1.79693939838024
302.7,-1.79447339471244
302.8,-1.7920150053388
302.9,-1.78956419670238
303,-1.78712093543188
303.1,-1.78468518834041
303.2,-1.78225692242436
303.3,-1.77983610486218
303.4,-1.77742270301318
303.5,-1.77501668441646
303.6,-1.77261801678967
303.7,-1.7702266680279
303.8,-1.76784260620259
303.9,-1.76546579956028
304,-1.76309621652166
304.1,-1.7607338256803
304.2,-1.75837859580168
304.3,-1.75603049582198
304.4,-1.75368949484709
304.5,-1.75135556215149
304.6,-1.74902866717718
304.7,-1.74670877953261
304.8,-1.74439586899168
304.9,-1.74208990549261
305,-1.73979085913698
305.1,-1.73749870018865
305.2,-1.73521339907276
305.3,-1.7329349263747
305.4,-1.73066325283914
305.5,-1.72839834936896
305.6,-1.72614018702433
305.7,-1.72388873702168
305.8,-1.72164397073274
305.9,-1.71940585968354
306,-1.71717437555352
306.1,-1.71494949017445
306.2,-1.71273117552961
306.3,-1.71051940375277
306.4,-1.70831414712725
306.5,-1.70611537808503
306.6,-1.70392306920582
306.7,-1.7017371932161
306.8,-1.69955772298827
306.9,-1.69738463153971
307,-1.69521789203189
307.1,-1.69305747776949
307.2,-1.69090336219951
307.3,-1.68875551891036
307.4,-1.68661392163108
307.5,-1.68447854423037
307.6,-1.68234936071579
307.7,-1.6802263452329
307.8,-1.67810947206441
307.9,-1.67599871562933
308,-1.67389405048217
308.1,-1.67179545131204
308.2,-1.66970289294192
308.3,-1.66761635032777
308.4,-1.66553579855778
308.5,-1.66346121285149
308.6,-1.66139256855906
308.7,-1.65932984116045
308.8,-1.65727300626463
308.9,-1.6552220396088
309,-1.6531769170576
309.1,-1.65113761460237
309.2,-1.64910410836036
309.3,-1.64707637457398
309.4,-1.64505438961003
309.5,-1.64303812995899
309.6,-1.64102757223421
309.7,-1.63902269317122
309.8,-1.637023469627
309.9,-1.63502987857922
310,-1.63304189712555
310.1,-1.63105950248288
310.2,-1.6290826719867
310.3,-1.62711138309032
310.4,-1.62514561336418
310.5,-1.62318534049515
310.6,-1.62123054228588
310.7,-1.61928119665403
310.8,-1.61733728163168
310.9,-1.61539877536454
311,-1.6134656561114
311.1,-1.61153790224336
311.2,-1.6096154922432
311.3,-1.60769840470472
311.4,-1.6057866183321
311.5,-1.60388011193922
311.6,-1.60197886444902
311.7,-1.60008285489287
311.8,-1.59819206240991
311.9,-1.59630646624644
312,-1.59442604575528
312.1,-1.59255078039512
312.2,-1.59068064972995
312.3,-1.5888156334284
312.4,-1.58695571126315
312.5,-1.58510086311031
312.6,-1.58325106894881
312.7,-1.58140630885982
312.8,-1.57956656302614
312.9,-1.57773181173161
313,-1.57590203536053
313.1,-1.57407721439706
313.2,-1.57225732942463
313.3,-1.57044236112542
313.4,-1.56863229027973
313.5,-1.56682709776543
313.6,-1.56502676455738
313.7,-1.56323127172693
313.8,-1.56144060044127
313.9,-1.55965473196296
314,-1.55787364764933
314.1,-1.55609732895194
314.2,-1.55432575741607
314.3,-1.55255891468014
314.4,-1.5507967824752
314.5,-1.5490393426244
314.6,-1.54728657704244
314.7,-1.54553846773507
314.8,-1.54379499679855
314.9,-1.54205614641914
315,-1.5403218988726
315.1,-1.53859223652366
315.2,-1.53686714182552
315.3,-1.53514659731933
315.4,-1.53343058563373
315.5,-1.53171908948433
315.6,-1.53001209167318
315.7,-1.52830957508833
315.8,-1.52661152270334
315.9,-1.52491791757677
316,-1.52322874285171
316.1,-1.5215439817553
316.2,-1.51986361759827
316.3,-1.51818763377442
316.4,-1.51651601376025
316.5,-1.51484874111437
316.6,-1.51318579947712
316.7,-1.51152717257012
316.8,-1.50987284419573
316.9,-1.5082227982367
317,-1.50657701865564
317.1,-1.50493548949459
317.2,-1.50329819487464
317.3,-1.50166511899537
317.4,-1.50003624613451
317.5,-1.49841156064749
317.6,-1.49679104696694
317.7,-1.49517468960234
317.8,-1.49356247313954
317.9,-1.49195438224037
318,-1.49035040164217
318.1,-1.48875051615745
318.2,-1.48715471067339
318.3,-1.48556297015145
318.4,-1.48397527962701
318.5,-1.48239162420889
318.6,-1.48081198907897
318.7,-1.4792363594918
318.8,-1.47766472077421
318.9,-1.47609705832484
319,-1.47453335761384
319.1,-1.47297360418241
319.2,-1.47141778364243
319.3,-1.46986588167607
319.4,-1.46831788403541
319.5,-1.46677377654205
319.6,-1.46523354508673
319.7,-1.46369717562895
319.8,-1.46216465419659
319.9,-1.46063596688555
320,-1.45911109985935
320.1,-1.45759003934881
320.2,-1.45607277165162
320.3,-1.45455928313202
320.4,-1.45304956022044
320.5,-1.4515435894131
320.6,-1.4500413572717
320.7,-1.44854285042301
320.8,-1.44704805555858
320.9,-1.44555695943433
321,-1.44406954887025
321.1,-1.44258581075001
321.2,-1.44110573202065
321.3,-1.4396292996922
321.4,-1.4381565008374
321.5,-1.43668732259129
321.6,-1.43522175215091
321.7,-1.43375977677498
321.8,-1.43230138378354
321.9,-1.43084656055761
322,-1.42939529453892
322.1,-1.42794757322953
322.2,-1.42650338419151
322.3,-1.42506271504665
322.4,-1.42362555347609
322.5,-1.42219188722005
322.6,-1.42076170407751
322.7,-1.41933499190584
322.8,-1.41791173862057
322.9,-1.41649193219501
323,-1.41507556065997
323.1,-1.41366261210347
323.2,-1.41225307467039
323.3,-1.41084693656222
323.4,-1.40944418603671
323.5,-1.40804481140761
323.6,-1.40664880104435
323.7,-1.40525614337173
323.8,-1.40386682686969
323.9,-1.40248084007292
324,-1.40109817157066
324.1,-1.39971881000637
324.2,-1.39834274407742
324.3,-1.39696996253486
324.4,-1.39560045418308
324.5,-1.3942342078796
324.6,-1.3928712125347
324.7,-1.39151145711121
324.8,-1.39015493062419
324.9,-1.3888016221407
325,-1.38745152077949
