Freq [MHz],dB(S(1,1)),Re(Z) [ohm],Im(Z) [ohm]
374.740572,-0.292195,19.656192,-235.725110
375.911637,-0.298484,19.815686,-234.080476
377.082701,-0.304914,19.976226,-232.441951
378.253765,-0.311489,20.137818,-230.809465
379.424830,-0.318211,20.300469,-229.182949
380.595894,-0.325085,20.464188,-227.562333
381.766958,-0.332115,20.628982,-225.947550
382.938023,-0.339303,20.794857,-224.338531
384.109087,-0.346655,20.961821,-222.735211
385.280151,-0.354175,21.129882,-221.137524
386.451215,-0.361866,21.299047,-219.545403
387.622280,-0.369733,21.469324,-217.958785
388.793344,-0.377780,21.640721,-216.377607
389.964408,-0.386012,21.813246,-214.801804
391.135473,-0.394434,21.986906,-213.231315
392.306537,-0.403050,22.161709,-211.666078
393.477601,-0.411865,22.337663,-210.106032
394.648665,-0.420886,22.514777,-208.551117
395.819730,-0.430116,22.693058,-207.001272
396.990794,-0.439561,22.872514,-205.456439
398.161858,-0.449227,23.053155,-203.916559
399.332923,-0.459120,23.234988,-202.381574
400.503987,-0.469245,23.418021,-200.851428
401.675051,-0.479609,23.602264,-199.326063
402.846115,-0.490218,23.787724,-197.805423
404.017180,-0.501078,23.974411,-196.289454
405.188244,-0.512196,24.162333,-194.778099
406.359308,-0.523578,24.351498,-193.271305
407.530373,-0.535232,24.541917,-191.769018
408.701437,-0.547165,24.733597,-190.271185
409.872501,-0.559385,24.926548,-188.777753
411.043565,-0.571898,25.120779,-187.288669
412.214630,-0.584714,25.316299,-185.803883
413.385694,-0.597839,25.513117,-184.323342
414.556758,-0.611283,25.711243,-182.846998
415.727823,-0.625054,25.910686,-181.374798
416.898887,-0.639161,26.111456,-179.906694
418.069951,-0.653613,26.313562,-178.442636
419.241015,-0.668419,26.517014,-176.982577
420.412080,-0.683590,26.721822,-175.526467
421.583144,-0.699134,26.927996,-174.074259
422.754208,-0.715063,27.135545,-172.625906
423.925273,-0.731387,27.344480,-171.181361
425.096337,-0.748117,27.554810,-169.740577
426.267401,-0.765264,27.766547,-168.303509
427.438466,-0.782840,27.979700,-166.870112
428.609530,-0.800856,28.194279,-165.440339
429.780594,-0.819326,28.410296,-164.014148
430.951658,-0.838261,28.627761,-162.591492
432.122723,-0.857675,28.846685,-161.172330
433.293787,-0.877581,29.067077,-159.756616
434.464851,-0.897993,29.288950,-158.344309
435.635916,-0.918926,29.512315,-156.935366
436.806980,-0.940394,29.737181,-155.529745
437.978044,-0.962412,29.963561,-154.127403
439.149108,-0.984996,30.191466,-152.728300
440.320173,-1.008162,30.420908,-151.332394
441.491237,-1.031928,30.651896,-149.939645
442.662301,-1.056309,30.884445,-148.550012
443.833366,-1.081323,31.118564,-147.163456
445.004430,-1.106990,31.354266,-145.779937
446.175494,-1.133327,31.591563,-144.399415
447.346558,-1.160354,31.830467,-143.021853
448.517623,-1.188091,32.070990,-141.647211
449.688687,-1.216559,32.313143,-140.275451
450.859751,-1.245778,32.556941,-138.906535
452.030816,-1.275771,32.802394,-137.540427
453.201880,-1.306560,33.049517,-136.177088
454.372944,-1.338169,33.298320,-134.816482
455.544008,-1.370621,33.548818,-133.458572
456.715073,-1.403940,33.801023,-132.103322
457.886137,-1.438153,34.054948,-130.750697
459.057201,-1.473286,34.310606,-129.400660
460.228266,-1.509365,34.568011,-128.053177
461.399330,-1.546418,34.827177,-126.708212
462.570394,-1.584475,35.088116,-125.365730
463.741458,-1.623564,35.350842,-124.025698
464.912523,-1.663717,35.615369,-122.688081
466.083587,-1.704964,35.881712,-121.352845
467.254651,-1.747338,36.149883,-120.019957
468.425716,-1.790872,36.419898,-118.689384
469.596780,-1.835600,36.691771,-117.361092
470.767844,-1.881558,36.965516,-116.035050
471.938908,-1.928783,37.241147,-114.711224
473.109973,-1.977311,37.518680,-113.389582
474.281037,-2.027181,37.798129,-112.070093
475.452101,-2.078434,38.079510,-110.752725
476.623166,-2.131110,38.362837,-109.437446
477.794230,-2.185251,38.648126,-108.124226
478.965294,-2.240901,38.935391,-106.813033
480.136359,-2.298105,39.224650,-105.503838
481.307423,-2.356908,39.515917,-104.196609
482.478487,-2.417358,39.809209,-102.891317
483.649551,-2.479503,40.104540,-101.587932
484.820616,-2.543395,40.401929,-100.286425
485.991680,-2.609084,40.701390,-98.986765
487.162744,-2.676624,41.002940,-97.688924
488.333809,-2.746069,41.306597,-96.392874
489.504873,-2.817476,41.612376,-95.098584
490.675937,-2.890902,41.920294,-93.806028
491.847001,-2.966407,42.230370,-92.515177
493.018066,-3.044052,42.542620,-91.226002
494.189130,-3.123901,42.857061,-89.938477
495.360194,-3.206017,43.173711,-88.652574
496.531259,-3.290468,43.492588,-87.368265
497.702323,-3.377321,43.813709,-86.085524
498.873387,-3.466647,44.137094,-84.804324
500.044451,-3.558519,44.462760,-83.524638
501.215516,-3.653009,44.790725,-82.246440
502.386580,-3.750196,45.121008,-80.969703
503.557644,-3.850156,45.453629,-79.694403
504.728709,-3.952971,45.788605,-78.420512
505.899773,-4.058722,46.125957,-77.148007
507.070837,-4.167495,46.465703,-75.876861
508.241901,-4.279377,46.807863,-74.607049
509.412966,-4.394456,47.152457,-73.338546
510.584030,-4.512825,47.499504,-72.071329
511.755094,-4.634577,47.849025,-70.805372
512.926159,-4.759809,48.201040,-69.540651
514.097223,-4.888619,48.555570,-68.277142
515.268287,-5.021108,48.912635,-67.014822
516.439351,-5.157379,49.272256,-65.753667
517.610416,-5.297538,49.634454,-64.493653
518.781480,-5.441693,49.999250,-63.234757
519.952544,-5.589954,50.366667,-61.976956
521.123609,-5.742432,50.736725,-60.720228
522.294673,-5.899243,51.109446,-59.464550
523.465737,-6.060501,51.484853,-58.209899
524.636802,-6.226324,51.862968,-56.956253
525.807866,-6.396831,52.243814,-55.703590
526.978930,-6.572140,52.627413,-54.451889
528.149994,-6.752372,53.013788,-53.201128
529.321059,-6.937645,53.402963,-51.951286
530.492123,-7.128077,53.794960,-50.702341
531.663187,-7.323785,54.189804,-49.454272
532.834252,-7.524879,54.587519,-48.207058
534.005316,-7.731468,54.988128,-46.960680
535.176380,-7.943652,55.391656,-45.715116
536.347444,-8.161522,55.798127,-44.470346
537.518509,-8.385160,56.207567,-43.226351
538.689573,-8.614628,56.620000,-41.983111
539.860637,-8.849973,57.035452,-40.740605
541.031702,-9.091215,57.453949,-39.498815
542.202766,-9.338346,57.875515,-38.257721
543.373830,-9.591318,58.300178,-37.017305
544.544894,-9.850040,58.727963,-35.777547
545.715959,-10.114363,59.158898,-34.538430
546.887023,-10.384067,59.593008,-33.299934
548.058087,-10.658853,60.030321,-32.062041
549.229152,-10.938318,60.470865,-30.824735
550.400216,-11.221940,60.914667,-29.587995
551.571280,-11.509053,61.361755,-28.351806
552.742344,-11.798825,61.812157,-27.116150
553.913409,-12.090225,62.265902,-25.881009
555.084473,-12.381998,62.723018,-24.646367
556.255537,-12.672631,63.183534,-23.412207
557.426602,-12.960328,63.647480,-22.178513
558.597666,-13.242986,64.114885,-20.945268
559.768730,-13.518180,64.585780,-19.712455
560.939794,-13.783168,65.060194,-18.480060
562.110859,-14.034908,65.538157,-17.248067
563.281923,-14.270113,66.019702,-16.016459
564.452987,-14.485337,66.504857,-14.785223
565.624052,-14.677092,66.993656,-13.554342
566.795116,-14.842009,67.486130,-12.323803
567.966180,-14.977020,67.982310,-11.093590
569.137244,-15.079551,68.482230,-9.863690
570.308309,-15.147701,68.985921,-8.634087
571.479373,-15.180391,69.493416,-7.404769
572.650437,-15.177448,70.004750,-6.175722
573.821502,-15.139616,70.519955,-4.946932
574.992566,-15.068498,71.039066,-3.718386
576.163630,-14.966422,71.562117,-2.490072
577.334695,-14.836276,72.089141,-1.261976
578.505759,-14.681310,72.620176,-0.034086
579.676823,-14.504951,73.155254,1.193609
580.847887,-14.310636,73.694414,2.421122
582.018952,-14.101679,74.237689,3.648465
583.190016,-13.881171,74.785117,4.875649
584.361080,-13.651920,75.336735,6.102685
585.532145,-13.416423,75.892578,7.329584
586.703209,-13.176853,76.452686,8.556356
587.874273,-12.935072,77.017096,9.783012
589.045337,-12.692651,77.585845,11.009562
590.216402,-12.450894,78.158973,12.236016
591.387466,-12.210875,78.736518,13.462383
592.558530,-11.973458,79.318520,14.688672
593.729595,-11.739336,79.905019,15.914893
594.900659,-11.509047,80.496054,17.141053
596.071723,-11.283007,81.091666,18.367162
597.242787,-11.061525,81.691896,19.593228
598.413852,-10.844823,82.296785,20.819257
599.584916,-10.633050,82.906375,22.045258
600.755980,-10.426299,83.520708,23.271238
601.927045,-10.224613,84.139827,24.497202
603.098109,-10.027996,84.763774,25.723159
604.269173,-9.836421,85.392593,26.949114
605.440237,-9.649839,86.026328,28.175072
606.611302,-9.468179,86.665023,29.401040
607.782366,-9.291355,87.308722,30.627022
608.953430,-9.119272,87.957471,31.853023
610.124495,-8.951825,88.611316,33.079048
611.295559,-8.788902,89.270301,34.305101
612.466623,-8.630388,89.934474,35.531184
613.637687,-8.476166,90.603882,36.757303
614.808752,-8.326117,91.278571,37.983459
615.979816,-8.180122,91.958590,39.209655
617.150880,-8.038061,92.643987,40.435893
618.321945,-7.899818,93.334810,41.662175
619.493009,-7.765276,94.031110,42.888502
620.664073,-7.634324,94.732934,44.114876
621.835137,-7.506848,95.440335,45.341297
623.006202,-7.382741,96.153362,46.567764
624.177266,-7.261897,96.872066,47.794279
625.348330,-7.144213,97.596499,49.020839
626.519395,-7.029590,98.326714,50.247443
627.690459,-6.917930,99.062763,51.474091
628.861523,-6.809141,99.804698,52.700779
630.032588,-6.703131,100.552574,53.927506
631.203652,-6.599812,101.306445,55.154267
632.374716,-6.499099,102.066366,56.381060
633.545780,-6.400912,102.832391,57.607881
634.716845,-6.305169,103.604576,58.834724
635.887909,-6.211795,104.382978,60.061585
637.058973,-6.120717,105.167654,61.288458
638.230038,-6.031862,105.958660,62.515337
639.401102,-5.945162,106.756055,63.742215
640.572166,-5.860551,107.559897,64.969086
641.743230,-5.777965,108.370245,66.195940
642.914295,-5.697341,109.187159,67.422770
644.085359,-5.618621,110.010698,68.649567
645.256423,-5.541747,110.840924,69.876321
646.427488,-5.466663,111.677897,71.103022
647.598552,-5.393315,112.521679,72.329659
648.769616,-5.321654,113.372333,73.556221
649.940680,-5.251627,114.229921,74.782696
651.111745,-5.183188,115.094507,76.009070
652.282809,-5.116289,115.966155,77.235331
653.453873,-5.050887,116.844930,78.461464
654.624938,-4.986938,117.730897,79.687455
655.796002,-4.924399,118.624122,80.913289
656.967066,-4.863232,119.524670,82.138948
658.138130,-4.803395,120.432611,83.364416
659.309195,-4.744853,121.348010,84.589676
660.480259,-4.687569,122.270936,85.814709
661.651323,-4.631507,123.201458,87.039495
662.822388,-4.576634,124.139646,88.264016
663.993452,-4.522917,125.085570,89.488249
665.164516,-4.470323,126.039299,90.712173
666.335580,-4.418823,127.000907,91.935767
667.506645,-4.368387,127.970464,93.159006
668.677709,-4.318985,128.948043,94.381867
669.848773,-4.270591,129.933717,95.604324
671.019838,-4.223177,130.927561,96.826352
672.190902,-4.176717,131.929648,98.047923
673.361966,-4.131186,132.940054,99.269010
674.533030,-4.086560,133.958854,100.489584
675.704095,-4.042815,134.986125,101.709616
676.875159,-3.999928,136.021944,102.929075
678.046223,-3.957877,137.066388,104.147928
679.217288,-3.916641,138.119536,105.366144
680.388352,-3.876199,139.181467,106.583688
681.559416,-3.836531,140.252260,107.800526
682.730481,-3.797617,141.331994,109.016621
683.901545,-3.759438,142.420753,110.231938
685.072609,-3.721977,143.518615,111.446437
686.243673,-3.685215,144.625665,112.660079
687.414738,-3.649135,145.741984,113.872824
688.585802,-3.613720,146.867656,115.084630
689.756866,-3.578954,148.002765,116.295454
690.927931,-3.544822,149.147395,117.505253
692.098995,-3.511307,150.301633,118.713980
693.270059,-3.478396,151.465563,119.921590
694.441123,-3.446074,152.639273,121.128033
695.612188,-3.414327,153.822849,122.333262
696.783252,-3.383141,155.016380,123.537224
697.954316,-3.352503,156.219954,124.739869
699.125381,-3.322401,157.433659,125.941143
700.296445,-3.292822,158.657587,127.140990
701.467509,-3.263753,159.891826,128.339355
702.638573,-3.235184,161.136469,129.536179
703.809638,-3.207102,162.391606,130.731404
704.980702,-3.179497,163.657329,131.924968
706.151766,-3.152358,164.933732,133.116809
707.322831,-3.125675,166.220907,134.306863
708.493895,-3.099437,167.518948,135.495064
709.664959,-3.073634,168.827951,136.681345
710.836023,-3.048256,170.148009,137.865637
712.007088,-3.023296,171.479219,139.047869
713.178152,-2.998742,172.821676,140.227968
714.349216,-2.974587,174.175478,141.405861
715.520281,-2.950821,175.540721,142.581470
716.691345,-2.927437,176.917503,143.754719
717.862409,-2.904426,178.305922,144.925526
719.033473,-2.881780,179.706077,146.093812
720.204538,-2.859491,181.118067,147.259490
721.375602,-2.837552,182.541992,148.422477
722.546666,-2.815956,183.977952,149.582684
723.717731,-2.794695,185.426047,150.740022
724.888795,-2.773763,186.886379,151.894398
726.059859,-2.753152,188.359048,153.045719
727.230924,-2.732856,189.844157,154.193888
728.401988,-2.712868,191.341807,155.338807
729.573052,-2.693183,192.852102,156.480375
730.744116,-2.673794,194.375143,157.618490
731.915181,-2.654695,195.911035,158.753046
733.086245,-2.635880,197.459880,159.883936
734.257309,-2.617344,199.021783,161.011049
735.428374,-2.599080,200.596846,162.134273
736.599438,-2.581085,202.185176,163.253494
737.770502,-2.563351,203.786875,164.368594
738.941566,-2.545875,205.402049,165.479453
740.112631,-2.528651,207.030802,166.585948
741.283695,-2.511675,208.673239,167.687954
742.454759,-2.494941,210.329465,168.785343
743.625824,-2.478444,211.999585,169.877984
744.796888,-2.462181,213.683705,170.965745
745.967952,-2.446147,215.381928,172.048488
747.139016,-2.430338,217.094361,173.126075
748.310081,-2.414748,218.821107,174.198364
749.481145,-2.399375,220.562273,175.265209
750.652209,-2.384214,222.317962,176.326462
751.823274,-2.369261,224.088279,177.381973
752.994338,-2.354512,225.873328,178.431588
754.165402,-2.339964,227.673214,179.475148
755.336466,-2.325612,229.488039,180.512494
756.507531,-2.311454,231.317908,181.543462
757.678595,-2.297486,233.162923,182.567885
758.849659,-2.283704,235.023186,183.585592
760.020724,-2.270104,236.898800,184.596410
761.191788,-2.256685,238.789865,185.600161
762.362852,-2.243442,240.696483,186.596666
763.533916,-2.230372,242.618753,187.585740
764.704981,-2.217472,244.556775,188.567195
765.876045,-2.204740,246.510647,189.540839
767.047109,-2.192172,248.480467,190.506479
768.218174,-2.179765,250.466333,191.463915
769.389238,-2.167518,252.468338,192.412945
770.560302,-2.155425,254.486579,193.353363
771.731366,-2.143487,256.521148,194.284958
772.902431,-2.131698,258.572139,195.207517
774.073495,-2.120058,260.639641,196.120821
775.244559,-2.108563,262.723746,197.024649
776.415624,-2.097212,264.824541,197.918775
777.586688,-2.086001,266.942113,198.802968
778.757752,-2.074928,269.076547,199.676995
779.928817,-2.063991,271.227927,200.540617
781.099881,-2.053188,273.396335,201.393591
782.270945,-2.042516,275.581850,202.235671
783.442009,-2.031973,277.784550,203.066606
784.613074,-2.021558,280.004512,203.886140
785.784138,-2.011268,282.241808,204.694014
786.955202,-2.001101,284.496511,205.489962
788.126267,-1.991055,286.768689,206.273717
789.297331,-1.981128,289.058409,207.045005
790.468395,-1.971318,291.365735,207.803548
791.639459,-1.961624,293.690729,208.549064
792.810524,-1.952043,296.033448,209.281267
793.981588,-1.942574,298.393949,209.999864
795.152652,-1.933215,300.772284,210.704560
796.323717,-1.923964,303.168502,211.395053
797.494781,-1.914819,305.582650,212.071038
798.665845,-1.905780,308.014769,212.732205
799.836909,-1.896843,310.464899,213.378239
801.007974,-1.888008,312.933076,214.008820
802.179038,-1.879274,315.419330,214.623623
803.350102,-1.870637,317.923689,215.222318
804.521167,-1.862098,320.446176,215.804573
805.692231,-1.853654,322.986811,216.370047
806.863295,-1.845304,325.545607,216.918396
808.034359,-1.837047,328.122575,217.449272
809.205424,-1.828882,330.717720,217.962322
810.376488,-1.820806,333.331042,218.457187
811.547552,-1.812818,335.962536,218.933503
812.718617,-1.804918,338.612192,219.390903
813.889681,-1.797104,341.279994,219.829015
815.060745,-1.789375,343.965921,220.247459
816.231809,-1.781729,346.669946,220.645855
817.402874,-1.774165,349.392036,221.023814
818.573938,-1.766682,352.132152,221.380946
819.745002,-1.759279,354.890248,221.716853
820.916067,-1.751955,357.666272,222.031135
822.087131,-1.744708,360.460165,222.323387
823.258195,-1.737538,363.271862,222.593197
824.429260,-1.730443,366.101289,222.840152
825.600324,-1.723422,368.948366,223.063833
826.771388,-1.716475,371.813006,223.263815
827.942452,-1.709600,374.695113,223.439673
829.113517,-1.702796,377.594583,223.590973
830.284581,-1.696062,380.511305,223.717281
831.455645,-1.689397,383.445159,223.818156
832.626710,-1.682801,386.396015,223.893155
833.797774,-1.676272,389.363737,223.941831
834.968838,-1.669809,392.348178,223.963731
836.139902,-1.663412,395.349182,223.958402
837.310967,-1.657079,398.366584,223.925386
838.482031,-1.650810,401.400209,223.864222
839.653095,-1.644604,404.449872,223.774444
840.824160,-1.638459,407.515378,223.655586
841.995224,-1.632376,410.596521,223.507177
843.166288,-1.626353,413.693086,223.328745
